"","aspect_asc","dem_asc","shade_asc","slope_asc"
"aspect_asc",1,0.000507138568876801,-0.00440146952485281,0.00803715686468813
"dem_asc",0.000507138568876801,1,0.0201866023832458,-0.0902174917226282
"shade_asc",-0.00440146952485281,0.0201866023832458,1,-0.366976004947602
"slope_asc",0.00803715686468813,-0.0902174917226282,-0.366976004947602,1
